,kmax50,kmax100
a,log |A1 - Num|,log |A1 - Num|
0,-7.512861626,-7.512861626
0.2,-7.521433507,-7.521433507
0.4,-7.548213564,-7.548213564
0.6,-7.595166284,-7.595166284
0.8,-7.66756154,-7.66756154
1,-7.779891914,-7.779891914
1.2,-7.950781976,-7.950781976
1.4,-8.283996658,-8.283996658
1.6,-9.045757481,-9.045757481
1.8,-8.154901962,-8.154901962
2,-7.89279003,-7.89279003
2.2,-7.742321425,-7.742321425
2.4,-7.643974143,-7.643974143
2.6,-7.580044252,-7.580044252
2.8,-7.537602002,-7.537602002
3,-7.515700161,-7.515700161
3.2,-7.512861625,-7.512861625
3.4,-7.527243551,-7.527243551
3.6,-7.559090918,-7.559090918
3.8,-7.614393727,-7.614393727
4,-7.696803943,-7.696803943
4.2,-7.823908742,-7.823908742
4.4,-8.022276394,-8.022276394
4.6,-8.468521082,-8.468521082
4.8,-8.568636236,-8.568636236
5,-8.060480747,-8.060480747
5.2,-7.841637508,-7.841637508
5.4,-7.709965389,-7.709965389
5.6,-7.621602098,-7.621602098
5.8,-7.565431096,-7.565431096
6,-7.530177984,-7.530177984
6.2,-7.514278574,-7.514278574
6.4,-7.514278574,-7.514278574
6.6,-7.534617149,-7.534617149
6.8,-7.573488737,-7.573488737
7,-7.634512017,-7.634512017
7.2,-7.728158394,-7.728158394
7.4,-7.872895202,-7.872895202
7.6,-8.107905398,-8.107905398
7.8,-8.795880012,-8.795880012
8,-8.346787482,-8.346787482
8.2,-7.982966662,-7.982966662
8.4,-7.795880018,-7.795880018
8.6,-7.679853714,-7.679853714
8.8,-7.602059991,-7.602059991
9,-7.552841969,-7.552841969
9.2,-7.524328812,-7.524328812
9.4,-7.512861625,-7.512861625
9.6,-7.518557371,-7.518557371
9.8,-7.543633967,-7.543633967
10,-7.588380294,-7.588380294
10.2,-7.657577319,-7.657577319
10.4,-7.761953897,-7.761953897
10.6,-7.928117994,-7.928117994
10.8,-8.22184875,-8.22184875
11,-9.999999964,-9.999999964
11.2,-8.20760831,-8.20760831
11.4,-7.920818754,-7.920818754
11.6,-7.756961953,-7.756961953
11.8,-7.655607726,-7.655607726
12,-7.586700236,-7.586700236
12.2,-7.542118103,-7.542118103
12.4,-7.518557372,-7.518557372
12.6,-7.512861625,-7.512861625
12.8,-7.524328812,-7.524328812
13,-7.554395797,-7.554395797
13.2,-7.607303046,-7.607303046
13.4,-7.684029655,-7.684029655
13.6,-7.804100348,-7.804100348
13.8,-7.991399828,-7.991399828
14,-8.376750714,-8.376750714
14.2,-8.698970005,-8.698970005
14.4,-8.096910013,-8.096910013
14.6,-7.860120913,-7.860120913
14.8,-7.723538196,-7.723538196
15,-7.632644079,-7.632644079
15.2,-7.57024772,-7.57024772
15.4,-7.53313238,-7.53313238
15.6,-7.515700161,-7.515700161
15.8,-7.514278574,-7.514278574
16,-7.53165267,-7.53165267
16.2,-7.567030709,-7.567030709
16.4,-7.625251654,-7.625251654
16.6,-7.714442691,-7.714442691
16.8,-7.850780887,-7.850780887
17,-8.070581075,-8.070581075
17.2,-8.619788758,-8.619788758
17.4,-8.431798276,-8.431798276
17.6,-8.013228266,-8.013228266
17.8,-7.815308569,-7.815308569
18,-7.692503962,-7.692503962
18.2,-7.610833916,-7.610833916
18.4,-7.557520231,-7.557520231
18.6,-7.525783736,-7.525783736
18.8,-7.512861625,-7.512861625
19,-7.517126416,-7.517126416
19.2,-7.539102157,-7.539102157
19.4,-7.581698709,-7.581698709
19.6,-7.647817482,-7.647817482
19.8,-7.747146969,-7.747146969
20,-7.903089987,-7.903089987
20.2,-8.173925197,-8.173925197
20.4,-9.221848734,-9.221848734
20.6,-8.259637312,-8.259637312
20.8,-7.943095149,-7.943095149
21,-7.772113295,-7.772113295
21.2,-7.665546249,-7.665546249
21.4,-7.59345982,-7.59345982
21.6,-7.54668166,-7.54668166
21.8,-7.519993057,-7.519993057
22,-7.512861625,-7.512861625
22.2,-7.521433504,-7.521433504
22.4,-7.549750892,-7.549750892
22.6,-7.598599459,-7.598599459
22.8,-7.673664139,-7.673664139
23,-7.787812396,-7.787812396
23.2,-7.962573502,-7.962573502
23.4,-8.30980392,-8.30980392
23.6,-8.920818753,-8.920818753
23.8,-8.13667714,-8.13667714
24,-7.882728704,-7.882728704
24.2,-7.73754891,-7.73754891
24.4,-7.640164518,-7.640164518
24.6,-7.578396073,-7.578396073
24.8,-7.536107011,-7.536107011
25,-7.51570016,-7.51570016
25.2,-7.512861625,-7.512861625
25.4,-7.528708289,-7.528708289
25.6,-7.562249437,-7.562249437
25.8,-7.617982957,-7.617982957
26,-7.701146924,-7.701146924
26.2,-7.829738285,-7.829738285
26.4,-8.036212173,-8.036212173
26.6,-8.494850022,-8.494850022
26.8,-8.537602001,-8.537602001
27,-8.045757491,-8.045757491
27.2,-7.835647144,-7.835647144
27.4,-7.70333481,-7.70333481
27.6,-7.619788758,-7.619788758
27.8,-7.563837353,-7.563837353
28,-7.528708289,-7.528708289
28.2,-7.512861625,-7.512861625
28.4,-7.515700161,-7.515700161
28.6,-7.536107011,-7.536107011
28.8,-7.575118363,-7.575118363
29,-7.638272164,-7.638272164
29.2,-7.732828272,-7.732828272
29.4,-7.879426069,-7.879426069
29.6,-8.13076828,-8.13076828
29.8,-8.853871963,-8.853871963
30,-8.327902142,-8.327902142
30.2,-7.974694135,-7.970616222
30.4,-7.790484986,-7.790484986
30.6,-7.675717545,-7.675717545
30.8,-7.600326278,-7.600326278
31,-7.55129368,-7.55129368
31.2,-7.522878745,-7.521433504
31.4,-7.512861625,-7.512861625
31.6,-7.519993057,-7.519993057
31.8,-7.54515514,-7.54515514
32,-7.591760035,-7.590066877
32.2,-7.661543506,-7.661543506
32.4,-7.772113295,-7.769551078
32.6,-7.93930216,-7.935542011
32.8,-8.251811973,-8.244125144
33,-9.301029996,-9.397940003
33.2,-8.173925197,-8.180456064
33.4,-7.903089987,-7.910094889
33.6,-7.744727495,-7.752026734
33.8,-7.645891561,-7.651695137
34,-7.578396073,-7.583359493
34.2,-7.534617149,-7.540607512
34.4,-7.508638306,-7.517126416
34.6,-7.501689446,-7.511449284
34.8,-7.511449284,-7.524328812
35,-7.537602002,-7.555955204
35.2,-7.583359493,-7.609064893
35.4,-7.651695137,-7.688246139
35.6,-7.752026734,-7.809668302
35.8,-7.896196279,-8.004364805
36,-8.13076828,-8.397940008
36.2,-8.677780705,-8.657577319
36.4,-8.522878743,-8.086186147
36.6,-8.119186407,-7.853871964
36.8,-7.950781977,-7.718966633
37,-7.8569852,-7.627087997
37.2,-7.818156412,-7.568636236
37.4,-7.821023053,-7.53165267
37.6,-7.879426069,-7.514278574
37.8,-8.022276395,-7.514278574
38,-8.408935393,-7.53313238
38.2,-8.431798276,-7.57024772
38.4,-7.872895202,-7.628932138
38.6,-7.596879479,-7.718966633
38.8,-7.40560745,-7.8569852
39,-7.256490235,-8.086186148
39.2,-7.131355562,-8.677780705
39.4,-7.024108864,-8.397940009
39.6,-6.929223537,-8.004364805
39.8,-6.843148099,-7.806875402
40,-6.764471553,-7.688246139
40.2,-6.69079582,-7.607303047
40.4,-6.621238825,-7.555955204
40.6,-6.554707231,-7.525783736
40.8,-6.490528648,-7.512861625
41,-6.427709394,-7.518557372
41.2,-6.366026844,-7.542118103
41.4,-6.304956341,-7.585026652
41.6,-6.244353781,-7.651695137
41.8,-6.183957659,-7.754487332
42,-6.123551213,-7.910094889
42.2,-6.063235002,-8.193820026
42.4,-6.002963289,-9.52287875
42.6,-5.94275242,-8.236572007
42.8,-5.882695553,-7.931814138
43,-5.822896568,-7.76700389
43.2,-5.763412359,-7.661543506
43.4,-5.704344951,-7.590066877
43.6,-5.645814701,-7.543633967
43.8,-5.587875594,-7.519993057
44,-5.530634601,-7.511449283
44.2,-5.474113348,-7.522878745
44.4,-5.418403015,-7.552841969
44.6,-5.363532164,-7.600326279
44.8,-5.309511534,-7.677780705
45,-5.256388337,-7.793174124
45.2,-5.204168626,-7.974694135
45.4,-5.152865558,-8.327902142
45.6,-5.102488369,-8.823908741
45.8,-5.053027287,-8.119186408
46,-5.004487654,-7.876148359
46.2,-4.956861805,-7.730487056
46.4,-4.910144323,-7.63638802
46.6,-4.864336339,-7.575118363
46.8,-4.819424,-7.536107011
47,-4.775404789,-7.515700161
47.2,-4.73227695,-7.512861625
47.4,-4.690033597,-7.528708289
47.6,-4.648673402,-7.563837353
47.8,-4.608195409,-7.619788758
48,-4.568599242,-7.705533774
48.2,-4.529886589,-7.835647144
48.4,-4.492060514,-8.045757491
48.6,-4.455127395,-8.537602003
48.8,-4.419088703,-8.494850022
49,-4.383955318,-8.036212172
49.2,-4.349734257,-7.826813732
49.4,-4.316431581,-7.701146924
49.6,-4.284062641,-7.616184634
49.8,-4.252634809,-7.560667306
50,-4.222162279,-7.527243551