a,kmax1,kmax2,kmax4,kmax6,kmax8,kmax10,kmax12
3,-1.532314695,-2.191051421,-3.313526845,-4.713507603,-6.314795866,-8.075720714,-9.999999994
3.2,-1.539927585,-2.11027105,-3.166540003,-4.505352928,-6.047498152,-7.747146969,-9.522878745
3.4,-1.559088424,-2.038824672,-3.031281149,-4.311906021,-5.798056937,-7.442492798,-9.221848749
3.6,-1.591104458,-1.976063019,-2.906619154,-4.13162539,-5.564553814,-7.158015195,-8.886056649
3.8,-1.638159789,-1.921484389,-2.791616132,-3.963224236,-5.345361484,-6.889073758,-8.552841969
4,-1.703934161,-1.87471341,-2.685489089,-3.805618603,-5.139123204,-6.635449005,-8.25963731
4.2,-1.794998164,-1.835487535,-2.587580935,-3.657886568,-4.944663724,-6.395773947,-7.974694135
4.4,-1.924503135,-1.803650099,-2.497338779,-3.519239161,-4.760983468,-6.168642215,-7.707743929
4.6,-2.124958193,-1.779149712,-2.414296957,-3.388997858,-4.587215323,-5.953075826,-7.449771647
4.8,-2.526505892,-1.762046288,-2.338064272,-3.266575131,-4.422609318,-5.74809423,-7.205511953
5,-2.815266788,-1.752525416,-2.268314089,-3.151460878,-4.266505012,-5.552950556,-6.973058372
5.2,-2.231322459,-1.750924067,-2.20477682,-3.043210598,-4.118322678,-5.366955946,-6.750068243
5.4,-2.004112602,-1.75777338,-2.147234485,-2.941435813,-3.977553894,-5.189438188,-6.537152964
5.6,-1.869484648,-1.773869229,-2.095516856,-2.845797096,-3.843745627,-5.019878407,-6.333014282
5.8,-1.781069188,-1.800390967,-2.049499236,-2.755997475,-3.7164966,-4.857773268,-6.137510833
6,-1.722205646,-1.839110338,-2.00910171,-2.671777668,-3.595448324,-4.702681666,-5.949774962
6.2,-1.685257938,-1.892783557,-1.974289978,-2.592912085,-3.480281315,-4.554209044,-5.769525533
6.4,-1.666397435,-1.965956988,-1.945078009,-2.51920547,-3.370710001,-4.411996237,-5.596313377
6.6,-1.663820262,-2.066849203,-1.921532868,-2.450490491,-3.266478059,-4.275721672,-5.429713977
6.8,-1.677083051,-2.212683178,-1.903782411,-2.386625618,-3.167356285,-4.145093043,-5.269411505
7,-1.70695132,-2.450752277,-1.892026879,-2.327493792,-3.073139077,-4.01984522,-5.115074424
7.2,-1.755643627,-3.053041811,-1.886556166,-2.27300147,-2.98364264,-3.899738387,-4.966423464
7.4,-1.827662215,-2.752362644,-1.887775525,-2.223078181,-2.898702674,-3.784553854,-4.823185519
7.6,-1.932014257,-2.362260543,-1.896244622,-2.177676577,-2.818173184,-3.674091884,-4.685132525
7.8,-2.08901898,-2.170022994,-1.912738318,-2.136773213,-2.741924647,-3.568171789,-4.552034622
8,-2.360339748,-2.048199131,-1.93834521,-2.100369732,-2.669843328,-3.466627987,-4.423689754
8.2,-3.317339313,-1.964874226,-1.974635009,-2.068495026,-2.601830258,-3.369309797,-4.299910092
8.4,-2.474942437,-1.907280338,-2.023961807,-2.041208299,-2.537800535,-3.276080316,-4.180525162
8.6,-2.155344384,-1.869229056,-2.090060827,-2.018603407,-2.477682996,-3.186814793,-4.065375319
8.8,-1.986537315,-1.847496696,-2.179363065,-2.000814962,-2.421419876,-3.101400299,-3.95431526
9,-1.879511916,-1.840495291,-2.304403365,-1.988026737,-2.368966833,-3.019734448,-3.847209449
9.2,-1.80856434,-1.847746349,-2.495293812,-1.980483533,-2.320293154,-2.941725208,-3.743934426
9.4,-1.762930993,-1.869733279,-2.865388624,-1.97850795,-2.275382148,-2.867290076,-3.644375142
9.6,-1.737395952,-1.90803201,-3.305896767,-1.982524749,-2.234231912,-2.79635564,-3.548426928
9.8,-1.729430911,-1.965807219,-2.632711652,-1.993096969,-2.196856427,-2.728857427,-3.455992885
10,-1.73816113,-2.049066398,-2.38784917,-2.01098138,-2.163287017,-2.664739392,-3.366984356
10.2,-1.764057073,-2.170033678,-2.241115407,-2.037216889,-2.133574382,-2.603954026,-3.281319897
10.4,-1.809092507,-2.358621613,-2.14144166,-2.073272586,-2.107791326,-2.54646203,-3.198925738
10.6,-1.877497572,-2.72830422,-2.0709156,-2.121311234,-2.086036315,-2.492232453,-3.11973465
10.8,-1.977836596,-3.165875901,-2.021310086,-2.184696688,-2.068438272,-2.441242844,-3.043686269
11,-2.12933273,-2.496361714,-1.988344943,-2.269079111,-2.055163009,-2.393479457,-2.970726393
11.2,-2.388967057,-2.25466727,-1.969721666,-2.385089197,-2.046421987,-2.348937578,-2.900807334
11.4,-3.200387516,-2.112161086,-1.964329945,-2.556769081,-2.04248436,-2.307622099,-2.833887478
11.6,-2.552503924,-2.017892907,-1.97192426,-2.862340818,-2.043693967,-2.269548148,-2.769931508
11.8,-2.215825571,-1.95403939,-1.993050949,-4.258350548,-2.050493769,-2.234742014,-2.708910289
12,-2.041380446,-1.912504903,-2.029181705,-2.830570579,-2.063462065,-2.203242275,-2.650801119
12.2,-1.931339606,-1.88921479,-2.08313422,-2.543747597,-2.083367896,-2.175101244,-2.59558789
12.4,-1.858453777,-1.882189447,-2.160081697,-2.380157021,-2.111259331,-2.150386831,-2.543261393
12.6,-1.811469667,-1.890816855,-2.270131171,-2.270244283,-2.148611279,-2.129184921,-2.493819687
12.8,-1.784969085,-1.915651234,-2.436391493,-2.191958077,-2.197588504,-2.111602369,-2.447268712
13,-1.776328861,-1.958584519,-2.733284074,-2.135589275,-2.261552074,-2.097770926,-2.403622999
13.2,-1.78463014,-2.023519596,-4.90779183,-2.096158682,-2.346142633,-2.087852343,-2.36290648
13.4,-1.810330599,-2.118153251,-2.73048785,-2.070951241,-2.461969122,-2.082045105,-2.325153706
13.6,-1.855419482,-2.25917344,-2.439571638,-2.058539632,-2.633019319,-2.080593485,-2.290411246
13.8,-1.924182835,-2.492810067,-2.277635366,-2.058368462,-2.937284965,-2.083799838,-2.258739597
14,-2.025327933,-3.080360827,-2.171852474,-2.070607235,-4.353434546,-2.092041848,-2.230215426
14.2,-2.178490664,-2.807634549,-2.099584441,-2.096185818,-2.903968497,-2.105797029,-2.204934725
14.4,-2.442459259,-2.41330553,-2.051046337,-2.137032062,-2.614481988,-2.125678779,-2.183016691
14.6,-3.304859852,-2.222286131,-2.021400324,-2.196658828,-2.447892459,-2.152491151,-2.164608973
14.8,-2.586689873,-2.10366965,-2.008250879,-2.281558411,-2.33437969,-2.18731541,-2.149894581
15,-2.257701849,-2.025138765,-2.010713941,-2.404958736,-2.251741708,-2.231653818,-2.139101337
15.2,-2.08659939,-1.973950633,-2.029123598,-2.599978619,-2.190105442,-2.28768341,-2.132514905
15.4,-1.97930393,-1.94413943,-2.065142778,-3.001910663,-2.144282114,-2.358740075,-2.13049716
15.6,-1.909317946,-1.932901692,-2.122362865,-3.242204558,-2.111274655,-2.450342636,-2.133512872
15.8,-1.865764385,-1.939354391,-2.207926667,-2.667561257,-2.089265158,-2.572697905,-2.142169412
16,-1.843575743,-1.964205512,-2.337198741,-2.432482041,-2.077142883,-2.748363093,-2.15727822
16.2,-1.840588757,-2.010032675,-2.551552433,-2.287048266,-2.074264353,-3.047591523,-2.179953797
16.4,-1.856594972,-2.082426574,-3.058534235,-2.185796982,-2.080326156,-4.515102527,-2.211781759
16.6,-1.893268534,-2.193311622,-2.941671893,-2.11202189,-2.095299106,-3.103002157,-2.255123193
16.8,-1.954901817,-2.37242908,-2.497096633,-2.05774257,-2.119400047,-2.812976154,-2.313714015
17,-2.05074629,-2.7336501,-2.285308007,-2.018561759,-2.153090436,-2.658801008,-2.39398692
17.2,-2.202572105,-3.154806612,-2.149502578,-1.991835316,-2.197097161,-2.563469313,-2.508504494
17.4,-2.479933525,-2.479517253,-2.053594498,-1.975882596,-2.25245411,-2.504226019,-2.687547868
17.6,-3.924893396,-2.228111021,-1.983340946,-1.969596524,-2.320562282,-2.472175149,-3.045857148
17.8,-2.495318552,-2.074903087,-1.931662978,-1.97222799,-2.403257006,-2.464205451,-3.454359187
18,-2.185613119,-1.968839195,-1.894545282,-1.983250966,-2.50283385,-2.480958055,-2.772227178
18.2,-2.011113435,-1.891767599,-1.869506026,-2.00226242,-2.621858499,-2.527210256,-2.508246315
18.4,-1.893870568,-1.835128579,-1.854913192,-2.028888955,-2.762155351,-2.615270581,-2.339423215
18.6,-1.809927891,-1.794219076,-1.849635243,-2.062676862,-2.92099095,-2.778458362,-2.214924587
18.8,-1.748729443,-1.766195009,-1.852839188,-2.102940963,-3.079272058,-3.159325615,-2.116661789
19,-1.704711851,-1.74921921,-1.863855686,-2.14854378,-3.180346518,-3.313088854,-2.036085113
19.2,-1.674614388,-1.742042465,-1.88207075,-2.197580763,-3.151181643,-2.730273253,-1.96847037
19.4,-1.656393206,-1.743771045,-1.906819226,-2.24698127,-3.004079142,-2.466628966,-1.910930982
19.6,-1.648710779,-1.753719769,-1.937261788,-2.29214479,-2.815990777,-2.290104995,-1.861574103
19.8,-1.650665847,-1.771302172,-1.972231657,-2.326950113,-2.633882969,-2.156552458,-1.819091594
20,-1.661633433,-1.795929997,-2.010047017,-2.344676328,-2.471478855,-2.049434759,-1.782541922
20.2,-1.68115549,-1.826902039,-2.048310136,-2.340076967,-2.32980311,-1.960701272,-1.751225028
20.4,-1.708849462,-1.863266097,-2.083767488,-2.311690679,-2.206602089,-1.885809678,-1.724606345
20.6,-1.744311334,-1.903642737,-2.112383999,-2.262567631,-2.099229313,-1.821941201,-1.70226844
20.8,-1.786990607,-1.946015081,-2.129831895,-2.198730688,-2.005373179,-1.76722768,-1.683879046
21,-1.836011649,-1.987527479,-2.132469252,-2.126755369,-1.923165805,-1.720371439,-1.669169228
21.2,-1.889914711,-2.024409815,-2.118501277,-2.052110773,-1.851133514,-1.68044036,-1.6579181
21.4,-1.946304808,-2.052230345,-2.088652191,-1.978652382,-1.788120681,-1.646749528,-1.649941885
21.6,-2.001460209,-2.066670251,-2.045863037,-1.908810248,-1.733221601,-1.618789194,-1.64508601
21.8,-2.050108951,-2.064738407,-1.994239367,-1.843986363,-1.685726875,-1.59617917,-1.643219328
22,-2.085814069,-2.045859325,-1.937931874,-1.784918978,-1.645083202,-1.578639289,-1.644230002
22.2,-2.102435391,-2.01209668,-1.880438364,-1.731948339,-1.610863968,-1.56597005,-1.648022674
22.4,-2.096434862,-1.967340954,-1.824380166,-1.685191893,-1.582748213,-1.558040241,-1.654516749
22.6,-2.068573828,-1.91605183,-1.771573171,-1.644654279,-1.560506156,-1.554779593,-1.663645696
22.8,-2.023522402,-1.862268052,-1.723210393,-1.610295227,-1.543990075,-1.556175493,-1.675357446
23,-1.967744684,-1.809156856,-1.680050519,-1.582071807,-1.533129811,-1.562273315,-1.689615848
23.2,-1.907374254,-1.758982333,-1.64257252,-1.559965988,-1.527932735,-1.573180504,-1.706403524
23.4,-1.847146227,-1.713271968,-1.611090502,-1.544004621,-1.528488502,-1.589075003,-1.72572624
23.6,-1.790279554,-1.673027377,-1.585836069,-1.534276654,-1.534979579,-1.61021939,-1.747619326
23.8,-1.738795195,-1.638910029,-1.5670181,-1.530951373,-1.547699524,-1.63698311,-1.772156624
24,-1.693907149,-1.611384823,-1.55486912,-1.534301265,-1.567082539,-1.669876991,-1.799462909
24.2,-1.656343527,-1.590826661,-1.549686145,-1.544733964,-1.593750611,-1.709607515,-1.829730972
24.4,-1.62657592,-1.577601822,-1.551873461,-1.562840107,-1.628589897,-1.757164665,-1.863245562
24.6,-1.604977246,-1.572136697,-1.561995722,-1.589468595,-1.672878728,-1.813970349,-1.90041739
24.8,-1.591935469,-1.574986572,-1.580853458,-1.625851002,-1.728513455,-1.882144199,-1.941833115
25,-1.587947849,-1.586919281,-1.609601576,-1.673819222,-1.798435887,-1.965017792,-1.988331836
25.2,-1.593718508,-1.609035362,-1.649950818,-1.736214425,-1.887523423,-2.068239281,-2.04112813
25.4,-1.610286056,-1.64296365,-1.704538892,-1.817731894,-2.004710593,-2.20252942,-2.102022789
25.6,-1.639223178,-1.691213679,-1.777682608,-1.926912678,-2.169195828,-2.392369568,-2.17379244
25.8,-1.682991521,-1.757879171,-1.877108175,-2.081871334,-2.436533,-2.718663074,-2.260983425
26,-1.745647982,-1.850232113,-2.018746787,-2.33358395,-3.21413624,-3.914236488,-2.371755852
26.2,-1.834445112,-1.983047994,-2.244924074,-3.007190487,-2.635002596,-2.693521595,-2.523078292
26.4,-1.964177869,-2.194399469,-2.770025153,-2.584388174,-2.29484921,-2.422499641,-2.761044939
26.6,-2.17308543,-2.658095011,-2.638163642,-2.218628259,-2.118938948,-2.269913831,-3.341690236
26.8,-2.63666871,-2.682677372,-2.206978893,-2.033195158,-2.005517904,-2.16824736,-3.07935015
27,-2.651089709,-2.199467921,-2.003013547,-1.913874698,-1.926452403,-2.095650953,-2.672413882
27.2,-2.168539897,-1.982501192,-1.873730774,-1.830575651,-1.86991581,-2.042252358,-2.46641002
27.4,-1.950346606,-1.846294604,-1.783716925,-1.770911238,-1.829863435,-2.002748228,-2.328404939
27.6,-1.812890604,-1.751594281,-1.719046696,-1.728652114,-1.802845505,-1.973969963,-2.225642789
27.8,-1.717123343,-1.683421246,-1.672897295,-1.700311063,-1.786768786,-1.953889038,-2.144990437
28,-1.648130062,-1.63455739,-1.641523476,-1.683837621,-1.78033736,-1.941150054,-2.079934853
28.2,-1.59873125,-1.601090073,-1.622768518,-1.67803985,-1.782776576,-1.934830471,-2.026841636
28.4,-1.565052323,-1.580798101,-1.615421154,-1.682309966,-1.793693446,-1.934309933,-1.9835405
28.6,-1.544920238,-1.572466387,-1.618919904,-1.696500986,-1.813013638,-1.939198379,-1.948694683
28.8,-1.537187024,-1.575578442,-1.633230823,-1.720897344,-1.840971696,-1.949299251,-1.921488413
29,-1.541434102,-1.5901989,-1.658838128,-1.756266917,-1.878151057,-1.964596709,-1.901462217
29.2,-1.557874275,-1.616985392,-1.696843383,-1.804016791,-1.925588406,-1.985262859,-1.888425659
29.4,-1.58739893,-1.657335384,-1.749220897,-1.866527608,-1.984984446,-2.011686217,-1.882416486
29.6,-1.631794941,-1.713745291,-1.819373343,-1.947864815,-2.059123185,-2.044528118,-1.883693046
29.8,-1.694256887,-1.790610485,-1.913393101,-2.055435254,-2.152762741,-2.084823348,-1.892757629
30,-1.780566935,-1.896150722,-2.043348685,-2.204563579,-2.27477705,-2.134159203,-1.910417375
30.2,-1.9021494,-2.047953339,-2.238269961,-2.435593122,-2.444456694,-2.195009122,-1.937902601
30.4,-2.086072478,-2.295278633,-2.60549717,-2.943798666,-2.718190485,-2.271405134,-1.977087465
30.6,-2.428040537,-2.9387995,-3.123983298,-2.890875692,-3.523547929,-2.370459459,-2.030917108
30.8,-3.126692131,-2.572065335,-2.416407138,-2.449815862,-2.912569282,-2.506457789,-2.104305906
31,-2.292366387,-2.199569018,-2.174758441,-2.251286446,-2.579470767,-2.7155329,-2.206289862
31.2,-2.036190921,-2.015013612,-2.034150629,-2.129712884,-2.407235521,-3.154545489,-2.356355526
31.4,-1.888490086,-1.898827,-1.941372212,-2.048037998,-2.296191389,-3.262894225,-2.611273573
31.6,-1.791115846,-1.820153856,-1.877912892,-1.991829034,-2.218455255,-2.744695214,-3.404041291
31.8,-1.72446268,-1.766447075,-1.835242677,-1.954018274,-2.162196885,-2.51625332,-2.766050327
32,-1.67966788,-1.731503391,-1.808849465,-1.930694668,-2.121299738,-2.369990989,-2.416847107
32.2,-1.652142812,-1.711966752,-1.796200781,-1.919555684,-2.092217014,-2.264426504,-2.228928615
32.4,-1.639409135,-1.706014608,-1.795906776,-1.919236278,-2.07274683,-2.184008654,-2.103341596
32.6,-1.640234409,-1.71280287,-1.80735008,-1.928992419,-2.061477588,-2.121299744,-2.012497927
32.8,-1.654277131,-1.732244538,-1.830540836,-1.948554974,-2.057512512,-2.072257515,-1.944823647
33,-1.681995391,-1.764986242,-1.866118422,-1.978084717,-2.060327518,-2.034535087,-1.894471827
33.2,-1.724763966,-1.812569458,-1.915500619,-2.018209313,-2.069701599,-2.006750239,-1.858198703
33.4,-1.785270937,-1.87787154,-1.981261727,-2.07015841,-2.085694217,-1.988137793,-1.834156781
33.6,-1.868475274,-1.966140476,-2.067987832,-2.136060564,-2.108661265,-1.978379731,-1.821364079
33.8,-1.984036538,-2.087631238,-2.184367251,-2.219571996,-2.139314302,-1.977533047,-1.819465544
34,-2.153799991,-2.265893371,-2.349345685,-2.327314542,-2.178843015,-1.986025823,-1.828651363
34.2,-2.446111781,-2.577628183,-2.61798676,-2.47272055,-2.22914949,-2.004719769,-1.849691962
34.4,-3.762160047,-4.14156808,-3.390350854,-2.689550301,-2.293309394,-2.035064147,-1.884106118
34.6,-2.509099155,-2.576777628,-2.82867574,-3.117910259,-2.376558649,-2.079411315,-1.934550769
34.8,-2.212519795,-2.29955203,-2.492525922,-3.341837342,-2.48870993,-2.141673167,-2.005684687
35,-2.053518903,-2.147977696,-2.322721958,-2.798648465,-2.651499437,-2.228819874,-2.10626712
35.2,-1.95255405,-2.051263943,-2.216634386,-2.580508435,-2.931883223,-2.354913495,-2.255328782
35.4,-1.885575529,-1.987057781,-2.145981872,-2.44899294,-4.1233827,-2.555507955,-2.508108006
35.6,-1.842220411,-1.945516518,-2.098905783,-2.359522797,-2.983992933,-2.983387253,-3.267095039
35.8,-1.817262127,-1.921581777,-2.069376236,-2.295542564,-2.667222882,-3.111068867,-2.684978333
36,-1.807918389,-1.91248435,-2.053993391,-2.249072524,-2.488336996,-2.582964814,-2.333246871
36.2,-1.812812093,-1.916757705,-2.050751811,-2.215681689,-2.365811203,-2.353850876,-2.14767012
36.4,-1.831551986,-1.933818359,-2.058491897,-2.192699243,-2.275212317,-2.209709557,-2.025997499
36.6,-1.864623023,-1.963817955,-2.076643453,-2.178450924,-2.206002502,-2.108417593,-1.940110412
36.8,-1.913516659,-2.0076803,-2.105119566,-2.17189475,-2.152786029,-2.034266499,-1.87830761
37,-1.981184437,-2.067344367,-2.144311345,-2.172438097,-2.112546688,-1.979798491,-1.834744978
37.2,-2.073156649,-2.146365301,-2.195181704,-2.179849594,-2.083553785,-1.94103244,-1.806257031
37.4,-2.200472792,-2.251347348,-2.25950274,-2.194230234,-2.064870064,-1.915762257,-1.791145478
37.6,-2.389215878,-2.395828183,-2.340367048,-2.216032746,-2.056121748,-1.902846864,-1.788667155
37.8,-2.72981167,-2.614038179,-2.443333291,-2.246135645,-2.057406937,-1.901904111,-1.798837898
38,-3.554833892,-3.049623023,-2.579350084,-2.285999783,-2.069299784,-1.913214424,-1.822432867
38.2,-2.642616886,-3.253949299,-2.774183175,-2.337977248,-2.092952212,-1.937781257,-1.861183386
38.4,-2.389920316,-2.726019231,-3.116767564,-2.40594485,-2.130339995,-1.977580657,-1.918289808
38.6,-2.249969237,-2.516459258,-3.980693825,-2.49673843,-2.184787771,-2.036150932,-1.999634218
38.8,-2.161827242,-2.39446416,-3.039304523,-2.623973924,-2.262143601,-2.119976519,-2.116961409
39,-2.105266368,-2.316218391,-2.781245224,-2.821443688,-2.373786572,-2.242195107,-2.298447358
39.2,-2.071210174,-2.265440451,-2.633802953,-3.227839056,-2.546398834,-2.435508695,-2.646477735
39.4,-2.054982163,-2.234317918,-2.534933659,-3.443600518,-2.873048269,-2.831913375,-3.223752084
39.6,-2.054067814,-2.218549995,-2.463890994,-2.875647642,-3.617759741,-3.097161379,-2.46250899
39.8,-2.067225438,-2.215577278,-2.411155906,-2.637366642,-2.730782126,-2.51129601,-2.207160623
40,-2.094122831,-2.223824711,-2.371593259,-2.486782094,-2.459829253,-2.275458178,-2.056039501
40.2,-2.135245391,-2.242342114,-2.342170644,-2.379292906,-2.298899889,-2.130921836,-1.954051712
40.4,-2.192020109,-2.270629447,-2.321022304,-2.298579769,-2.188476958,-2.031646065,-1.882309289
40.6,-2.267231879,-2.308564583,-2.307011821,-2.23696621,-2.108654784,-1.960938643,-1.832226491
40.8,-2.36603434,-2.356406161,-2.299512454,-2.190361116,-2.050464222,-1.911015027,-1.799367669
41,-2.498542479,-2.414874641,-2.298295376,-2.1564693,-2.009260447,-1.877804011,-1.781373064
41.2,-2.687971392,-2.485349357,-2.303481537,-2.134040101,-1.982518616,-1.859137325,-1.777133544
41.4,-3.009472193,-2.570283224,-2.315540776,-2.122527874,-1.968950844,-1.854017856,-1.78646552
41.6,-4.886748729,-2.674102527,-2.335340098,-2.121952936,-1.968135818,-1.862333954,-1.810058807
41.8,-3.0473445,-2.805390318,-2.364261542,-2.13289059,-1.980406082,-1.884826635,-1.849664837
42,-2.781546556,-2.983348423,-2.404441868,-2.156582403,-2.006926347,-1.923289354,-1.908647607
42.2,-2.643571125,-3.265431456,-2.459260192,-2.195225619,-2.050008005,-1.981129216,-1.993333424
42.4,-2.561080825,-4.113422989,-2.534405422,-2.252612021,-2.113867998,-2.064733275,-2.116658937
42.6,-2.511215857,-3.444341577,-2.640548365,-2.335612076,-2.206485487,-2.187162545,-2.310857475
42.8,-2.483720003,-3.11362497,-2.801720721,-2.458187298,-2.34493668,-2.381043494,-2.704981799
43,-2.4730421,-2.936331909,-3.095764012,-2.655715979,-2.576579689,-2.778160779,-2.995566756
43.2,-2.475751927,-2.815935285,-4.529513066,-3.07993347,-3.176233601,-3.046064018,-2.401743084
43.4,-2.489464292,-2.725165894,-3.045274004,-3.211937315,-2.861873329,-2.461201512,-2.167662731
43.6,-2.51230354,-2.652576207,-2.746252201,-2.680540588,-2.467507601,-2.227222904,-2.026161096
43.8,-2.542593439,-2.592464927,-2.570873086,-2.450675307,-2.270110899,-2.084917453,-1.930541229
44,-2.578657041,-2.541773997,-2.44923381,-2.3066244,-2.143086921,-1.988219112,-1.863968412
44.2,-2.618689666,-2.498854175,-2.359239144,-2.206130402,-2.054593151,-1.920452577,-1.818638575
44.4,-2.660709824,-2.462886722,-2.291177746,-2.133489674,-1.991843738,-1.873872842,-1.790518224
44.6,-2.702618311,-2.433582838,-2.240069362,-2.081299997,-1.948608654,-1.844472894,-1.777524538
44.8,-2.742400181,-2.411021803,-2.203186302,-2.045677737,-1.921609905,-1.830182786,-1.778805252
45,-2.77847153,-2.395570168,-2.179068252,-2.024565838,-1.909191039,-1.830155907,-1.79448442
45.2,-2.810103711,-2.387859121,-2.167095498,-2.017046845,-1.910782794,-1.844516901,-1.825695442
45.4,-2.837791179,-2.388815062,-2.167323686,-2.023079649,-1.926738577,-1.874394596,-1.874922995
45.6,-2.863439803,-2.399754618,-2.180484907,-2.04348362,-1.958430265,-1.922261351,-1.946904016
45.8,-2.890377418,-2.42258052,-2.208155172,-2.080160185,-2.008666476,-1.992826356,-2.050944798
46,-2.923372917,-2.460167733,-2.253182961,-2.136696374,-2.082747095,-2.095329287,-2.208012063
46.2,-2.969042183,-2.517168919,-2.320674929,-2.219838428,-2.191214598,-2.250540021,-2.482498369
46.4,-3.037393548,-2.601903048,-2.420470734,-2.343535707,-2.358656683,-2.521932869,-3.548199139
46.6,-3.146813694,-2.731714644,-2.574772274,-2.543482992,-2.667388907,-3.545037972,-2.563178457
46.8,-3.344002474,-2.954185021,-2.853389452,-2.974649724,-3.761881604,-2.609435949,-2.247259239
47,-3.87866212,-3.544520924,-4.28715003,-3.090309585,-2.599188224,-2.289813306,-2.076019358
47.2,-3.60344168,-3.219694068,-2.870558706,-2.569367286,-2.318619756,-2.116695673,-1.964632188
47.4,-3.16284759,-2.815375223,-2.560529554,-2.344203627,-2.157992219,-2.003870049,-1.888082092
47.6,-2.930574199,-2.607828087,-2.385848555,-2.204545786,-2.051146087,-1.926066527,-1.835731257
47.8,-2.771064752,-2.470573316,-2.268703648,-2.108670345,-1.976767782,-1.872566066,-1.802290141
48,-2.651266721,-2.371806618,-2.185406266,-2.041040525,-1.925462683,-1.838045829,-1.785018794
48.2,-2.558005532,-2.298754981,-2.125739659,-1.994359954,-1.892489816,-1.819750518,-1.782668939
48.4,-2.484811293,-2.245180153,-2.084570478,-1.964856542,-1.875404752,-1.816424893,-1.79508521
48.6,-2.428166661,-2.207772764,-2.059201619,-1.950622694,-1.873153194,-1.827911674,-1.823157639
48.8,-2.386116494,-2.18481532,-2.048355562,-1.95096177,-1.885740907,-1.855103267,-1.869092586
49,-2.357681542,-2.175634621,-2.051777065,-1.966178199,-1.914233404,-1.900213978,-1.937200017
49.2,-2.342615843,-2.180411486,-2.070157404,-1.997663318,-1.961084856,-1.967571948,-2.035920491
49.4,-2.34135714,-2.200224271,-2.105330331,-2.048335285,-2.031041988,-2.065660555,-2.18385015
49.6,-2.355141756,-2.237352393,-2.160872647,-2.123775021,-2.133493164,-2.213197601,-2.434937347
49.8,-2.386346603,-2.296046969,-2.243606761,-2.235247185,-2.28970192,-2.464652894,-3.168667958
50,-2.439281704,-2.384446799,-2.367768752,-2.409648667,-2.565522547,-3.209485713,-2.631721615