l,lp,m,mp,a,A1 (Re),A2 (Re),M0 (Re),Num (Re),A1 (Im),A2 (Im),M0 (Im),Num (Im)
2,2,-1,1,0.0000000000,-0.4000000000,-0.4000000000,-,-0.4000000000,0.0000000000,0.0000000000,-,0.0000000000
2,2,-1,1,0.2000000000,-0.3965777724,-0.3965777724,-,-0.3965777724,0.0000000000,0.0000000000,-,0.0000000000
2,2,-1,1,0.4000000000,-0.3863869575,-0.3863869575,-,-0.3863869575,0.0000000000,0.0000000000,-,0.0000000000
2,2,-1,1,0.6000000000,-0.3696532330,-0.3696532330,-,-0.3696532330,0.0000000000,0.0000000000,-,0.0000000000
2,2,-1,1,0.8000000000,-0.3467463617,-0.3467463617,-,-0.3467463617,0.0000000000,0.0000000000,-,0.0000000000
2,2,-1,1,1.0000000000,-0.3181708254,-0.3181708254,-,-0.3181708254,0.0000000000,0.0000000000,-,0.0000000000
2,2,-1,1,1.2000000000,-0.2845530770,-0.2845530770,-,-0.2845530770,0.0000000000,0.0000000000,-,0.0000000000
2,2,-1,1,1.4000000000,-0.2466257601,-0.2466257601,-,-0.2466257601,0.0000000000,0.0000000000,-,0.0000000000
2,2,-1,1,1.6000000000,-0.2052093301,-0.2052093301,-,-0.2052093301,0.0000000000,0.0000000000,-,0.0000000000
2,2,-1,1,1.8000000000,-0.1611915805,-0.1611915805,-,-0.1611915805,0.0000000000,0.0000000000,-,0.0000000000
2,2,-1,1,2.0000000000,-0.1155056306,-0.1155056306,-,-0.1155056306,0.0000000000,0.0000000000,-,0.0000000000
2,2,-1,1,2.2000000000,-0.0691069748,-0.0691069748,-,-0.0691069748,0.0000000000,0.0000000000,-,0.0000000000
2,2,-1,1,2.4000000000,-0.0229502096,-0.0229502096,-,-0.0229502096,0.0000000000,0.0000000000,-,0.0000000000
2,2,-1,1,2.6000000000,0.0220339363,0.0220339363,-,0.0220339363,0.0000000000,0.0000000000,-,0.0000000000
2,2,-1,1,2.8000000000,0.0649606612,0.0649606612,-,0.0649606612,0.0000000000,0.0000000000,-,0.0000000000
2,2,-1,1,3.0000000000,0.1050116593,0.1050116593,-,0.1050116593,0.0000000000,0.0000000000,-,0.0000000000
2,2,-1,1,3.2000000000,0.1414536703,0.1414536703,-,0.1414536703,0.0000000000,0.0000000000,-,0.0000000000
2,2,-1,1,3.4000000000,0.1736545375,0.1736545375,-,0.1736545375,0.0000000000,0.0000000000,-,0.0000000000
2,2,-1,1,3.6000000000,0.2010963847,0.2010963847,-,0.2010963847,0.0000000000,0.0000000000,-,0.0000000000
2,2,-1,1,3.8000000000,0.2233855988,0.2233855988,-,0.2233855988,0.0000000000,0.0000000000,-,0.0000000000
2,2,-1,1,4.0000000000,0.2402594048,0.2402594048,-,0.2402594048,0.0000000000,0.0000000000,-,0.0000000000
2,2,-1,1,4.2000000000,0.2515889154,0.2515889154,-,0.2515889154,0.0000000000,0.0000000000,-,0.0000000000
2,2,-1,1,4.4000000000,0.2573786368,0.2573786368,-,0.2573786368,0.0000000000,0.0000000000,-,0.0000000000
2,2,-1,1,4.6000000000,0.2577625134,0.2577625134,-,0.2577625134,0.0000000000,0.0000000000,-,0.0000000000
2,2,-1,1,4.8000000000,0.2529966890,0.2529966890,-,0.2529966890,0.0000000000,0.0000000000,-,0.0000000000
2,2,-1,1,5.0000000000,0.2434492514,0.2434492514,-,0.2434492514,0.0000000000,0.0000000000,-,0.0000000000
2,2,-1,1,5.2000000000,0.2295873055,0.2295873055,-,0.2295873055,0.0000000000,0.0000000000,-,0.0000000000
2,2,-1,1,5.4000000000,0.2119617923,0.2119617923,-,0.2119617923,0.0000000000,0.0000000000,-,0.0000000000
2,2,-1,1,5.6000000000,0.1911905219,0.1911905219,-,0.1911905219,0.0000000000,0.0000000000,-,0.0000000000
2,2,-1,1,5.8000000000,0.1679399330,0.1679399330,-,0.1679399330,0.0000000000,0.0000000000,-,0.0000000000
2,2,-1,1,6.0000000000,0.1429061149,0.1429061149,-,0.1429061149,0.0000000000,0.0000000000,-,0.0000000000
2,2,-1,1,6.2000000000,0.1167956373,0.1167956373,-,0.1167956373,0.0000000000,0.0000000000,-,0.0000000000
2,2,-1,1,6.4000000000,0.0903067247,0.0903067247,-,0.0903067247,0.0000000000,0.0000000000,-,0.0000000000
2,2,-1,1,6.6000000000,0.0641112934,0.0641112934,-,0.0641112934,0.0000000000,0.0000000000,-,0.0000000000
2,2,-1,1,6.8000000000,0.0388383260,0.0388383260,-,0.0388383260,0.0000000000,0.0000000000,-,0.0000000000
2,2,-1,1,7.0000000000,0.0150590134,0.0150590134,-,0.0150590134,0.0000000000,0.0000000000,-,0.0000000000
2,2,-1,1,7.2000000000,-0.0067259725,-0.0067259725,-,-0.0067259725,0.0000000000,0.0000000000,-,0.0000000000
2,2,-1,1,7.4000000000,-0.0260967801,-0.0260967801,-,-0.0260967801,0.0000000000,0.0000000000,-,0.0000000000
2,2,-1,1,7.6000000000,-0.0427220387,-0.0427220387,-,-0.0427220387,0.0000000000,0.0000000000,-,0.0000000000
2,2,-1,1,7.8000000000,-0.0563637465,-0.0563637465,-,-0.0563637465,0.0000000000,0.0000000000,-,0.0000000000
2,2,-1,1,8.0000000000,-0.0668793373,-0.0668793373,-,-0.0668793373,0.0000000000,0.0000000000,-,0.0000000000
2,2,-1,1,8.2000000000,-0.0742209645,-0.0742209645,-,-0.0742209645,0.0000000000,0.0000000000,-,0.0000000000
2,2,-1,1,8.4000000000,-0.0784321181,-0.0784321181,-,-0.0784321181,0.0000000000,0.0000000000,-,0.0000000000
2,2,-1,1,8.6000000000,-0.0796417690,-0.0796417690,-,-0.0796417690,0.0000000000,0.0000000000,-,0.0000000000
2,2,-1,1,8.8000000000,-0.0780563008,-0.0780563008,-,-0.0780563008,0.0000000000,0.0000000000,-,0.0000000000
2,2,-1,1,9.0000000000,-0.0739495460,-0.0739495460,-,-0.0739495460,0.0000000000,0.0000000000,-,0.0000000000
2,2,-1,1,9.2000000000,-0.0676512936,-0.0676512936,-,-0.0676512936,0.0000000000,0.0000000000,-,0.0000000000
2,2,-1,1,9.4000000000,-0.0595346633,-0.0595346633,-,-0.0595346633,0.0000000000,0.0000000000,-,0.0000000000
2,2,-1,1,9.6000000000,-0.0500027702,-0.0500027702,-,-0.0500027702,0.0000000000,0.0000000000,-,0.0000000000
2,2,-1,1,9.8000000000,-0.0394751028,-0.0394751028,-,-0.0394751028,0.0000000000,0.0000000000,-,0.0000000000
2,2,-1,1,10.0000000000,-0.0283740386,-0.0283740386,-,-0.0283740386,0.0000000000,0.0000000000,-,0.0000000000
2,2,-1,1,10.2000000000,-0.0171118993,-0.0171118993,-,-0.0171118993,0.0000000000,0.0000000000,-,0.0000000000
2,2,-1,1,10.4000000000,-0.0060789165,-0.0060789165,-,-0.0060789165,0.0000000000,0.0000000000,-,0.0000000000
2,2,-1,1,10.6000000000,0.0043675594,0.0043675594,-,0.0043675594,0.0000000000,0.0000000000,-,0.0000000000
2,2,-1,1,10.8000000000,0.0139123272,0.0139123272,-,0.0139123272,0.0000000000,0.0000000000,-,0.0000000000
2,2,-1,1,11.0000000000,0.0222898562,0.0222898562,-,0.0222898562,0.0000000000,0.0000000000,-,0.0000000000
2,2,-1,1,11.2000000000,0.0292898991,0.0292898991,-,0.0292898991,0.0000000000,0.0000000000,-,0.0000000000
2,2,-1,1,11.4000000000,0.0347611021,0.0347611021,-,0.0347611021,0.0000000000,0.0000000000,-,0.0000000000
2,2,-1,1,11.6000000000,0.0386125816,0.0386125816,-,0.0386125816,0.0000000000,0.0000000000,-,0.0000000000
2,2,-1,1,11.8000000000,0.0408135058,0.0408135058,-,0.0408135058,0.0000000000,0.0000000000,-,0.0000000000
2,2,-1,1,12.0000000000,0.0413907768,0.0413907768,-,0.0413907768,0.0000000000,0.0000000000,-,0.0000000000
2,2,-1,1,12.2000000000,0.0404249706,0.0404249706,-,0.0404249706,0.0000000000,0.0000000000,-,0.0000000000
2,2,-1,1,12.4000000000,0.0380447369,0.0380447369,-,0.0380447369,0.0000000000,0.0000000000,-,0.0000000000
2,2,-1,1,12.6000000000,0.0344199076,0.0344199076,-,0.0344199076,0.0000000000,0.0000000000,-,0.0000000000
2,2,-1,1,12.8000000000,0.0297535900,0.0297535900,-,0.0297535900,0.0000000000,0.0000000000,-,0.0000000000
2,2,-1,1,13.0000000000,0.0242735479,0.0242735479,-,0.0242735479,0.0000000000,0.0000000000,-,0.0000000000
2,2,-1,1,13.2000000000,0.0182231804,0.0182231804,-,0.0182231804,0.0000000000,0.0000000000,-,0.0000000000
2,2,-1,1,13.4000000000,0.0118524135,0.0118524135,-,0.0118524135,0.0000000000,0.0000000000,-,0.0000000000
2,2,-1,1,13.6000000000,0.0054088082,0.0054088082,-,0.0054088082,0.0000000000,0.0000000000,-,0.0000000000
2,2,-1,1,13.8000000000,-0.0008708301,-0.0008708301,-,-0.0008708301,0.0000000000,0.0000000000,-,0.0000000000
2,2,-1,1,14.0000000000,-0.0067680823,-0.0067680823,-,-0.0067680823,0.0000000000,0.0000000000,-,0.0000000000
2,2,-1,1,14.2000000000,-0.0120895650,-0.0120895650,-,-0.0120895650,0.0000000000,0.0000000000,-,0.0000000000
2,2,-1,1,14.4000000000,-0.0166724163,-0.0166724163,-,-0.0166724163,0.0000000000,0.0000000000,-,0.0000000000
2,2,-1,1,14.6000000000,-0.0203884826,-0.0203884826,-,-0.0203884826,0.0000000000,0.0000000000,-,0.0000000000
2,2,-1,1,14.8000000000,-0.0231471210,-0.0231471210,-,-0.0231471210,0.0000000000,0.0000000000,-,0.0000000000
2,2,-1,1,15.0000000000,-0.0248965787,-0.0248965787,-,-0.0248965787,0.0000000000,0.0000000000,-,0.0000000000
2,2,-1,1,15.2000000000,-0.0256239637,-0.0256239637,-,-0.0256239637,0.0000000000,0.0000000000,-,0.0000000000
2,2,-1,1,15.4000000000,-0.0253538658,-0.0253538658,-,-0.0253538658,0.0000000000,0.0000000000,-,0.0000000000
2,2,-1,1,15.6000000000,-0.0241457320,-0.0241457320,-,-0.0241457320,0.0000000000,0.0000000000,-,0.0000000000
2,2,-1,1,15.8000000000,-0.0220901379,-0.0220901379,-,-0.0220901379,0.0000000000,0.0000000000,-,0.0000000000
2,2,-1,1,16.0000000000,-0.0193041298,-0.0193041298,-,-0.0193041298,0.0000000000,0.0000000000,-,0.0000000000
2,2,-1,1,16.2000000000,-0.0159258374,-0.0159258374,-,-0.0159258374,0.0000000000,0.0000000000,-,0.0000000000
2,2,-1,1,16.4000000000,-0.0121085734,-0.0121085734,-,-0.0121085734,0.0000000000,0.0000000000,-,0.0000000000
2,2,-1,1,16.6000000000,-0.0080146482,-0.0080146482,-,-0.0080146482,0.0000000000,0.0000000000,-,0.0000000000
2,2,-1,1,16.8000000000,-0.0038091260,-0.0038091260,-,-0.0038091260,0.0000000000,0.0000000000,-,0.0000000000
2,2,-1,1,17.0000000000,0.0003462537,0.0003462537,-,0.0003462537,0.0000000000,0.0000000000,-,0.0000000000
2,2,-1,1,17.2000000000,0.0042987847,0.0042987847,-,0.0042987847,0.0000000000,0.0000000000,-,0.0000000000
2,2,-1,1,17.4000000000,0.0079099432,0.0079099432,-,0.0079099432,0.0000000000,0.0000000000,-,0.0000000000
2,2,-1,1,17.6000000000,0.0110598177,0.0110598177,-,0.0110598177,0.0000000000,0.0000000000,-,0.0000000000
2,2,-1,1,17.8000000000,0.0136506918,0.0136506918,-,0.0136506918,0.0000000000,0.0000000000,-,0.0000000000
2,2,-1,1,18.0000000000,0.0156096826,0.0156096826,-,0.0156096826,0.0000000000,0.0000000000,-,0.0000000000
2,2,-1,1,18.2000000000,0.0168903792,0.0168903792,-,0.0168903792,0.0000000000,0.0000000000,-,0.0000000000
2,2,-1,1,18.4000000000,0.0174734590,0.0174734590,-,0.0174734590,0.0000000000,0.0000000000,-,0.0000000000
2,2,-1,1,18.6000000000,0.0173662990,0.0173662990,-,0.0173662990,0.0000000000,0.0000000000,-,0.0000000000
2,2,-1,1,18.8000000000,0.0166016343,0.0166016343,-,0.0166016343,0.0000000000,0.0000000000,-,0.0000000000
2,2,-1,1,19.0000000000,0.0152353452,0.0152353452,-,0.0152353452,0.0000000000,0.0000000000,-,0.0000000000
2,2,-1,1,19.2000000000,0.0133434880,0.0133434880,-,0.0133434880,0.0000000000,0.0000000000,-,0.0000000000
2,2,-1,1,19.4000000000,0.0110187017,0.0110187017,-,0.0110187017,0.0000000000,0.0000000000,-,0.0000000000
2,2,-1,1,19.6000000000,0.0083661446,0.0083661446,-,0.0083661446,0.0000000000,0.0000000000,-,0.0000000000
2,2,-1,1,19.8000000000,0.0054991241,0.0054991241,-,0.0054991241,0.0000000000,0.0000000000,-,0.0000000000
2,2,-1,1,20.0000000000,0.0025345906,0.0025345906,-,0.0025345906,0.0000000000,0.0000000000,-,0.0000000000
2,2,-1,1,20.2000000000,-0.0004113373,-0.0004113373,-,-0.0004113373,0.0000000000,0.0000000000,-,0.0000000000
2,2,-1,1,20.4000000000,-0.0032276537,-0.0032276537,-,-0.0032276537,0.0000000000,0.0000000000,-,0.0000000000
2,2,-1,1,20.6000000000,-0.0058124033,-0.0058124033,-,-0.0058124033,0.0000000000,0.0000000000,-,0.0000000000
2,2,-1,1,20.8000000000,-0.0080761442,-0.0080761442,-,-0.0080761442,0.0000000000,0.0000000000,-,0.0000000000
2,2,-1,1,21.0000000000,-0.0099448256,-0.0099448256,-,-0.0099448256,0.0000000000,0.0000000000,-,0.0000000000
2,2,-1,1,21.2000000000,-0.0113619955,-0.0113619955,-,-0.0113619955,0.0000000000,0.0000000000,-,0.0000000000
2,2,-1,1,21.4000000000,-0.0122902785,-0.0122902785,-,-0.0122902785,0.0000000000,0.0000000000,-,0.0000000000
2,2,-1,1,21.6000000000,-0.0127120970,-0.0127120970,-,-0.0127120970,0.0000000000,0.0000000000,-,0.0000000000
2,2,-1,1,21.8000000000,-0.0126296317,-0.0126296317,-,-0.0126296317,0.0000000000,0.0000000000,-,0.0000000000
2,2,-1,1,22.0000000000,-0.0120640503,-0.0120640503,-,-0.0120640503,0.0000000000,0.0000000000,-,0.0000000000
2,2,-1,1,22.2000000000,-0.0110540558,-0.0110540558,-,-0.0110540558,0.0000000000,0.0000000000,-,0.0000000000
2,2,-1,1,22.4000000000,-0.0096538318,-0.0096538318,-,-0.0096538318,0.0000000000,0.0000000000,-,0.0000000000
2,2,-1,1,22.6000000000,-0.0079304786,-0.0079304786,-,-0.0079304786,0.0000000000,0.0000000000,-,0.0000000000
2,2,-1,1,22.8000000000,-0.0059610533,-0.0059610533,-,-0.0059610533,0.0000000000,0.0000000000,-,0.0000000000
2,2,-1,1,23.0000000000,-0.0038293352,-0.0038293352,-,-0.0038293352,0.0000000000,0.0000000000,-,0.0000000000
2,2,-1,1,23.2000000000,-0.0016224455,-0.0016224455,-,-0.0016224455,0.0000000000,0.0000000000,-,0.0000000000
2,2,-1,1,23.4000000000,0.0005725479,0.0005725479,-,0.0005725479,0.0000000000,0.0000000000,-,0.0000000000
2,2,-1,1,23.6000000000,0.0026719146,0.0026719146,-,0.0026719146,0.0000000000,0.0000000000,-,0.0000000000
2,2,-1,1,23.8000000000,0.0045983156,0.0045983156,-,0.0045983156,0.0000000000,0.0000000000,-,0.0000000000
2,2,-1,1,24.0000000000,0.0062835209,0.0062835209,-,0.0062835209,0.0000000000,0.0000000000,-,0.0000000000
2,2,-1,1,24.2000000000,0.0076706987,0.0076706987,-,0.0076706987,0.0000000000,0.0000000000,-,0.0000000000
2,2,-1,1,24.4000000000,0.0087162048,0.0087162048,-,0.0087162048,0.0000000000,0.0000000000,-,0.0000000000
2,2,-1,1,24.6000000000,0.0093908209,0.0093908209,-,0.0093908209,0.0000000000,0.0000000000,-,0.0000000000
2,2,-1,1,24.8000000000,0.0096804107,0.0096804107,-,0.0096804107,0.0000000000,0.0000000000,-,0.0000000000
2,2,-1,1,25.0000000000,0.0095859880,0.0095859880,-,0.0095859880,0.0000000000,0.0000000000,-,0.0000000000
2,2,-1,1,25.2000000000,0.0091232116,0.0091232116,-,0.0091232116,0.0000000000,0.0000000000,-,0.0000000000
2,2,-1,1,25.4000000000,0.0083213423,0.0083213423,-,0.0083213423,0.0000000000,0.0000000000,-,0.0000000000
2,2,-1,1,25.6000000000,0.0072217175,0.0072217175,-,0.0072217175,0.0000000000,0.0000000000,-,0.0000000000
2,2,-1,1,25.8000000000,0.0058758152,0.0058758152,-,0.0058758152,0.0000000000,0.0000000000,-,0.0000000000
2,2,-1,1,26.0000000000,0.0043429911,0.0043429911,-,0.0043429911,0.0000000000,0.0000000000,-,0.0000000000
2,2,-1,1,26.2000000000,0.0026879839,0.0026879839,-,0.0026879839,0.0000000000,0.0000000000,-,0.0000000000
2,2,-1,1,26.4000000000,0.0009782898,0.0009782898,-,0.0009782898,0.0000000000,0.0000000000,-,0.0000000000
2,2,-1,1,26.6000000000,-0.0007184914,-0.0007184914,-,-0.0007184914,0.0000000000,0.0000000000,-,0.0000000000
2,2,-1,1,26.8000000000,-0.0023372390,-0.0023372390,-,-0.0023372390,0.0000000000,0.0000000000,-,0.0000000000
2,2,-1,1,27.0000000000,-0.0038177245,-0.0038177245,-,-0.0038177245,0.0000000000,0.0000000000,-,0.0000000000
2,2,-1,1,27.2000000000,-0.0051067722,-0.0051067722,-,-0.0051067722,0.0000000000,0.0000000000,-,0.0000000000
2,2,-1,1,27.4000000000,-0.0061600897,-0.0061600897,-,-0.0061600897,0.0000000000,0.0000000000,-,0.0000000000
2,2,-1,1,27.6000000000,-0.0069437101,-0.0069437101,-,-0.0069437101,0.0000000000,0.0000000000,-,0.0000000000
2,2,-1,1,27.8000000000,-0.0074350011,-0.0074350011,-,-0.0074350011,0.0000000000,0.0000000000,-,0.0000000000
2,2,-1,1,28.0000000000,-0.0076232146,-0.0076232146,-,-0.0076232146,0.0000000000,0.0000000000,-,0.0000000000
2,2,-1,1,28.2000000000,-0.0075095691,-0.0075095691,-,-0.0075095691,0.0000000000,0.0000000000,-,0.0000000000
2,2,-1,1,28.4000000000,-0.0071068730,-0.0071068730,-,-0.0071068730,0.0000000000,0.0000000000,-,0.0000000000
2,2,-1,1,28.6000000000,-0.0064387172,-0.0064387172,-,-0.0064387172,0.0000000000,0.0000000000,-,0.0000000000
2,2,-1,1,28.8000000000,-0.0055382772,-0.0055382772,-,-0.0055382772,0.0000000000,0.0000000000,-,0.0000000000
2,2,-1,1,29.0000000000,-0.0044467819,-0.0044467819,-,-0.0044467819,0.0000000000,0.0000000000,-,0.0000000000
2,2,-1,1,29.2000000000,-0.0032117153,-0.0032117153,-,-0.0032117153,0.0000000000,0.0000000000,-,0.0000000000
2,2,-1,1,29.4000000000,-0.0018848271,-0.0018848271,-,-0.0018848271,0.0000000000,0.0000000000,-,0.0000000000
2,2,-1,1,29.6000000000,-0.0005200317,-0.0005200317,-,-0.0005200317,0.0000000000,0.0000000000,-,0.0000000000
2,2,-1,1,29.8000000000,0.0008287204,0.0008287204,-,0.0008287204,0.0000000000,0.0000000000,-,0.0000000000
2,2,-1,1,30.0000000000,0.0021095172,0.0021095172,-,0.0021095172,0.0000000000,0.0000000000,-,0.0000000000
2,2,-1,1,30.2000000000,0.0032744286,0.0032744286,-,0.0032744286,0.0000000000,0.0000000000,-,0.0000000000
2,2,-1,1,30.4000000000,0.0042812478,0.0042812478,-,0.0042812478,0.0000000000,0.0000000000,-,0.0000000000
2,2,-1,1,30.6000000000,0.0050949688,0.0050949688,-,0.0050949688,0.0000000000,0.0000000000,-,0.0000000000
2,2,-1,1,30.8000000000,0.0056889505,0.0056889505,-,0.0056889505,0.0000000000,0.0000000000,-,0.0000000000
2,2,-1,1,31.0000000000,0.0060457311,0.0060457311,-,0.0060457311,0.0000000000,0.0000000000,-,0.0000000000
2,2,-1,1,31.2000000000,0.0061574694,0.0061574694,-,0.0061574694,0.0000000000,0.0000000000,-,0.0000000000
2,2,-1,1,31.4000000000,0.0060260069,0.0060260069,-,0.0060260069,0.0000000000,0.0000000000,-,0.0000000000
2,2,-1,1,31.6000000000,0.0056625555,0.0056625555,-,0.0056625555,0.0000000000,0.0000000000,-,0.0000000000
2,2,-1,1,31.8000000000,0.0050870334,0.0050870334,-,0.0050870334,0.0000000000,0.0000000000,-,0.0000000000
2,2,-1,1,32.0000000000,0.0043270830,0.0043270830,-,0.0043270830,0.0000000000,0.0000000000,-,0.0000000000
2,2,-1,1,32.2000000000,0.0034168150,0.0034168150,-,0.0034168150,0.0000000000,0.0000000000,-,0.0000000000
2,2,-1,1,32.4000000000,0.0023953348,0.0023953348,-,0.0023953348,0.0000000000,0.0000000000,-,0.0000000000
2,2,-1,1,32.6000000000,0.0013051110,0.0013051110,-,0.0013051110,0.0000000000,0.0000000000,-,0.0000000000
2,2,-1,1,32.8000000000,0.0001902546,0.0001902546,-,0.0001902546,0.0000000000,0.0000000000,-,0.0000000000
2,2,-1,1,33.0000000000,-0.0009052251,-0.0009052251,-,-0.0009052251,0.0000000000,0.0000000000,-,0.0000000000
2,2,-1,1,33.2000000000,-0.0019391196,-0.0019391196,-,-0.0019391196,0.0000000000,0.0000000000,-,0.0000000000
2,2,-1,1,33.4000000000,-0.0028726105,-0.0028726105,-,-0.0028726105,0.0000000000,0.0000000000,-,0.0000000000
2,2,-1,1,33.6000000000,-0.0036716917,-0.0036716917,-,-0.0036716917,0.0000000000,0.0000000000,-,0.0000000000
2,2,-1,1,33.8000000000,-0.0043083732,-0.0043083732,-,-0.0043083732,0.0000000000,0.0000000000,-,0.0000000000
2,2,-1,1,34.0000000000,-0.0047616245,-0.0047616245,-,-0.0047616245,0.0000000000,0.0000000000,-,0.0000000000
2,2,-1,1,34.2000000000,-0.0050180288,-0.0050180288,-,-0.0050180288,0.0000000000,0.0000000000,-,0.0000000000
2,2,-1,1,34.4000000000,-0.0050721277,-0.0050721277,-,-0.0050721277,0.0000000000,0.0000000000,-,0.0000000000
2,2,-1,1,34.6000000000,-0.0049264515,-0.0049264515,-,-0.0049264515,0.0000000000,0.0000000000,-,0.0000000000
2,2,-1,1,34.8000000000,-0.0045912401,-0.0045912401,-,-0.0045912401,0.0000000000,0.0000000000,-,0.0000000000
2,2,-1,1,35.0000000000,-0.0040838723,-0.0040838723,-,-0.0040838723,0.0000000000,0.0000000000,-,0.0000000000
2,2,-1,1,35.2000000000,-0.0034280321,-0.0034280321,-,-0.0034280321,0.0000000000,0.0000000000,-,0.0000000000
2,2,-1,1,35.4000000000,-0.0026526497,-0.0026526497,-,-0.0026526497,0.0000000000,0.0000000000,-,0.0000000000
2,2,-1,1,35.6000000000,-0.0017906635,-0.0017906635,-,-0.0017906635,0.0000000000,0.0000000000,-,0.0000000000
2,2,-1,1,35.8000000000,-0.0008776533,-0.0008776533,-,-0.0008776533,0.0000000000,0.0000000000,-,0.0000000000
2,2,-1,1,36.0000000000,0.0000495978,0.0000495978,-,0.0000495978,0.0000000000,0.0000000000,-,0.0000000000
2,2,-1,1,36.2000000000,0.0009545576,0.0009545576,-,0.0009545576,0.0000000000,0.0000000000,-,0.0000000000
2,2,-1,1,36.4000000000,0.0018023574,0.0018023574,-,0.0018023574,0.0000000000,0.0000000000,-,0.0000000000
2,2,-1,1,36.6000000000,0.0025611105,0.0025611105,-,0.0025611105,0.0000000000,0.0000000000,-,0.0000000000
2,2,-1,1,36.8000000000,0.0032030862,0.0032030862,-,0.0032030862,0.0000000000,0.0000000000,-,0.0000000000
2,2,-1,1,37.0000000000,0.0037056988,0.0037056988,-,0.0037056988,0.0000000000,0.0000000000,-,0.0000000000
2,2,-1,1,37.2000000000,0.0040522759,0.0040522759,-,0.0040522759,0.0000000000,0.0000000000,-,0.0000000000
2,2,-1,1,37.4000000000,0.0042325809,0.0042325809,-,0.0042325809,0.0000000000,0.0000000000,-,0.0000000000
2,2,-1,1,37.6000000000,0.0042430764,0.0042430764,-,0.0042430764,0.0000000000,0.0000000000,-,0.0000000000
2,2,-1,1,37.8000000000,0.0040869211,0.0040869211,-,0.0040869211,0.0000000000,0.0000000000,-,0.0000000000
2,2,-1,1,38.0000000000,0.0037737079,0.0037737079,-,0.0037737079,0.0000000000,0.0000000000,-,0.0000000000
2,2,-1,1,38.2000000000,0.0033189571,0.0033189571,-,0.0033189571,0.0000000000,0.0000000000,-,0.0000000000
2,2,-1,1,38.4000000000,0.0027433912,0.0027433912,-,0.0027433912,0.0000000000,0.0000000000,-,0.0000000000
2,2,-1,1,38.6000000000,0.0020720211,0.0020720211,-,0.0020720211,0.0000000000,0.0000000000,-,0.0000000000
2,2,-1,1,38.8000000000,0.0013330856,0.0013330856,-,0.0013330856,0.0000000000,0.0000000000,-,0.0000000000
2,2,-1,1,39.0000000000,0.0005568864,0.0005568864,-,0.0005568864,0.0000000000,0.0000000000,-,0.0000000000
2,2,-1,1,39.2000000000,-0.0002254333,-0.0002254333,-,-0.0002254333,0.0000000000,0.0000000000,-,0.0000000000
2,2,-1,1,39.4000000000,-0.0009831189,-0.0009831189,-,-0.0009831189,0.0000000000,0.0000000000,-,0.0000000000
2,2,-1,1,39.6000000000,-0.0016869942,-0.0016869942,-,-0.0016869942,0.0000000000,0.0000000000,-,0.0000000000
2,2,-1,1,39.8000000000,-0.0023105669,-0.0023105669,-,-0.0023105669,0.0000000000,0.0000000000,-,0.0000000000
2,2,-1,1,40.0000000000,-0.0028310080,-0.0028310080,-,-0.0028310080,0.0000000000,0.0000000000,-,0.0000000000
2,2,-1,1,40.2000000000,-0.0032299690,-0.0032299690,-,-0.0032299690,0.0000000000,0.0000000000,-,0.0000000000
2,2,-1,1,40.4000000000,-0.0034942095,-0.0034942095,-,-0.0034942095,0.0000000000,0.0000000000,-,0.0000000000
2,2,-1,1,40.6000000000,-0.0036160139,-0.0036160139,-,-0.0036160139,0.0000000000,0.0000000000,-,0.0000000000
2,2,-1,1,40.8000000000,-0.0035933846,-0.0035933846,-,-0.0035933846,0.0000000000,0.0000000000,-,0.0000000000
2,2,-1,1,41.0000000000,-0.0034300099,-0.0034300099,-,-0.0034300099,0.0000000000,0.0000000000,-,0.0000000000
2,2,-1,1,41.2000000000,-0.0031350104,-0.0031350104,-,-0.0031350104,0.0000000000,0.0000000000,-,0.0000000000
2,2,-1,1,41.4000000000,-0.0027224795,-0.0027224795,-,-0.0027224795,0.0000000000,0.0000000000,-,0.0000000000
2,2,-1,1,41.6000000000,-0.0022108384,-0.0022108384,-,-0.0022108384,0.0000000000,0.0000000000,-,0.0000000000
2,2,-1,1,41.8000000000,-0.0016220355,-0.0016220355,-,-0.0016220355,0.0000000000,0.0000000000,-,0.0000000000
2,2,-1,1,42.0000000000,-0.0009806227,-0.0009806227,-,-0.0009806227,0.0000000000,0.0000000000,-,0.0000000000
2,2,-1,1,42.2000000000,-0.0003127484,-0.0003127484,-,-0.0003127484,0.0000000000,0.0000000000,-,0.0000000000
2,2,-1,1,42.4000000000,0.0003548933,0.0003548933,-,0.0003548933,0.0000000000,0.0000000000,-,0.0000000000
2,2,-1,1,42.6000000000,0.0009961158,0.0009961158,-,0.0009961158,0.0000000000,0.0000000000,-,0.0000000000
2,2,-1,1,42.8000000000,0.0015862524,0.0015862524,-,0.0015862524,0.0000000000,0.0000000000,-,0.0000000000
2,2,-1,1,43.0000000000,0.0021030927,0.0021030927,-,0.0021030927,0.0000000000,0.0000000000,-,0.0000000000
2,2,-1,1,43.2000000000,0.0025277047,0.0025277047,-,0.0025277047,0.0000000000,0.0000000000,-,0.0000000000
2,2,-1,1,43.4000000000,0.0028451149,0.0028451149,-,0.0028451149,0.0000000000,0.0000000000,-,0.0000000000
2,2,-1,1,43.6000000000,0.0030448210,0.0030448210,-,0.0030448210,0.0000000000,0.0000000000,-,0.0000000000
2,2,-1,1,43.8000000000,0.0031211222,0.0031211222,-,0.0031211222,0.0000000000,0.0000000000,-,0.0000000000
2,2,-1,1,44.0000000000,0.0030732547,0.0030732547,-,0.0030732547,0.0000000000,0.0000000000,-,0.0000000000
2,2,-1,1,44.2000000000,0.0029053332,0.0029053332,-,0.0029053332,0.0000000000,0.0000000000,-,0.0000000000
2,2,-1,1,44.4000000000,0.0026261029,0.0026261029,-,0.0026261029,0.0000000000,0.0000000000,-,0.0000000000
2,2,-1,1,44.6000000000,0.0022485152,0.0022485152,-,0.0022485152,0.0000000000,0.0000000000,-,0.0000000000
2,2,-1,1,44.8000000000,0.0017891463,0.0017891463,-,0.0017891463,0.0000000000,0.0000000000,-,0.0000000000
2,2,-1,1,45.0000000000,0.0012674850,0.0012674850,-,0.0012674850,0.0000000000,0.0000000000,-,0.0000000000
2,2,-1,1,45.2000000000,0.0007051194,0.0007051194,-,0.0007051194,0.0000000000,0.0000000000,-,0.0000000000
2,2,-1,1,45.4000000000,0.0001248549,0.0001248549,-,0.0001248549,0.0000000000,0.0000000000,-,0.0000000000
2,2,-1,1,45.6000000000,-0.0004501986,-0.0004501986,-,-0.0004501986,0.0000000000,0.0000000000,-,0.0000000000
2,2,-1,1,45.8000000000,-0.0009975373,-0.0009975373,-,-0.0009975373,0.0000000000,0.0000000000,-,0.0000000000
2,2,-1,1,46.0000000000,-0.0014961333,-0.0014961333,-,-0.0014961333,0.0000000000,0.0000000000,-,0.0000000000
2,2,-1,1,46.2000000000,-0.0019272324,-0.0019272324,-,-0.0019272324,0.0000000000,0.0000000000,-,0.0000000000
2,2,-1,1,46.4000000000,-0.0022750499,-0.0022750499,-,-0.0022750499,0.0000000000,0.0000000000,-,0.0000000000
2,2,-1,1,46.6000000000,-0.0025273374,-0.0025273374,-,-0.0025273374,0.0000000000,0.0000000000,-,0.0000000000
2,2,-1,1,46.8000000000,-0.0026758031,-0.0026758031,-,-0.0026758031,0.0000000000,0.0000000000,-,0.0000000000
2,2,-1,1,47.0000000000,-0.0027163692,-0.0027163692,-,-0.0027163692,0.0000000000,0.0000000000,-,0.0000000000
2,2,-1,1,47.2000000000,-0.0026492607,-0.0026492607,-,-0.0026492607,0.0000000000,0.0000000000,-,0.0000000000
2,2,-1,1,47.4000000000,-0.0024789250,-0.0024789250,-,-0.0024789250,0.0000000000,0.0000000000,-,0.0000000000
2,2,-1,1,47.6000000000,-0.0022137864,-0.0022137864,-,-0.0022137864,0.0000000000,0.0000000000,-,0.0000000000
2,2,-1,1,47.8000000000,-0.0018658507,-0.0018658507,-,-0.0018658507,0.0000000000,0.0000000000,-,0.0000000000
2,2,-1,1,48.0000000000,-0.0014501747,-0.0014501747,-,-0.0014501747,0.0000000000,0.0000000000,-,0.0000000000
2,2,-1,1,48.2000000000,-0.0009842264,-0.0009842264,-,-0.0009842264,0.0000000000,0.0000000000,-,0.0000000000
2,2,-1,1,48.4000000000,-0.0004871603,-0.0004871603,-,-0.0004871603,0.0000000000,0.0000000000,-,0.0000000000
2,2,-1,1,48.6000000000,0.0000209607,0.0000209607,-,0.0000209607,0.0000000000,0.0000000000,-,0.0000000000
2,2,-1,1,48.8000000000,0.0005199668,0.0005199668,-,0.0005199668,0.0000000000,0.0000000000,-,0.0000000000
2,2,-1,1,49.0000000000,0.0009903739,0.0009903739,-,0.0009903739,0.0000000000,0.0000000000,-,0.0000000000
2,2,-1,1,49.2000000000,0.0014141365,0.0014141365,-,0.0014141365,0.0000000000,0.0000000000,-,0.0000000000
2,2,-1,1,49.4000000000,0.0017753321,0.0017753321,-,0.0017753321,0.0000000000,0.0000000000,-,0.0000000000
2,2,-1,1,49.6000000000,0.0020607517,0.0020607517,-,0.0020607517,0.0000000000,0.0000000000,-,0.0000000000
2,2,-1,1,49.8000000000,0.0022603748,0.0022603748,-,0.0022603748,0.0000000000,0.0000000000,-,0.0000000000
2,2,-1,1,50.0000000000,0.0023677116,0.0023677116,-,0.0023677116,0.0000000000,0.0000000000,-,0.0000000000
